{
    "Accuracy": 0.9755575132576739,
    "Precision": 0.16962699822380106,
    "Recall": 0.09156279961649089,
    "F1 Score": 0.11892901618929017,
    "Mean Absolute Error": 0.024442486742326096,
    "Root Mean Squared Error": 0.15634093111634617,
    "AUC-ROC": 0.7505589780768767
}