{
    "Accuracy": 0.8765147315908413,
    "Precision": 0.04446571207715243,
    "Recall": 0.2869358669833729,
    "F1 Score": 0.0769990757561271,
    "Mean Absolute Error": 0.12348526840915874,
    "Root Mean Squared Error": 0.35140470743739155,
    "AUC-ROC": 0.6172241893752697
}