{
    "Accuracy": 0.7554939666567176,
    "Precision": 0.04400810133534722,
    "Recall": 0.6090261282660333,
    "F1 Score": 0.08208477397874248,
    "Mean Absolute Error": 0.2445060333432823,
    "Root Mean Squared Error": 0.49447551339098916,
    "AUC-ROC": 0.7322694738869973
}