{
    "Accuracy": 0.8242868716155716,
    "Precision": 0.044357420816708536,
    "Recall": 0.427790973871734,
    "F1 Score": 0.08038025528876194,
    "Mean Absolute Error": 0.17571312838442843,
    "Root Mean Squared Error": 0.4191814981418293,
    "AUC-ROC": 0.7112380564807489
}