{
    "Accuracy": 0.972958683324095,
    "Precision": 0.14347826086956522,
    "Recall": 0.10190023752969121,
    "F1 Score": 0.11916666666666667,
    "Mean Absolute Error": 0.027041316675905,
    "Root Mean Squared Error": 0.1644424418327124,
    "AUC-ROC": 0.7456580558372159
}