{
    "Accuracy": 0.9665330661322645,
    "Precision": 0.10177281680892974,
    "Recall": 0.11045130641330166,
    "F1 Score": 0.10593461669894065,
    "Mean Absolute Error": 0.03346693386773547,
    "Root Mean Squared Error": 0.18293970008649155,
    "AUC-ROC": 0.7216794417598483
}