{
    "Accuracy": 0.8567338930168227,
    "Precision": 0.07412353923205342,
    "Recall": 0.5306772908366534,
    "F1 Score": 0.130078125,
    "AUC-ROC": 0.6970639380007668,
    "Mean Absolute Error": 0.14326610698317732,
    "Root Mean Squared Error": 0.3785050950557698
}