{
    "Accuracy": 0.9280292064717424,
    "Precision": 0.12462112380508276,
    "Recall": 0.4258964143426295,
    "F1 Score": 0.1928210678210678,
    "AUC-ROC": 0.6821347212957012,
    "Mean Absolute Error": 0.07197079352825758,
    "Root Mean Squared Error": 0.2682737287329074
}