{
    "Accuracy": 0.9425040161683164,
    "Precision": 0.09818917018284107,
    "Recall": 0.2677372962607862,
    "F1 Score": 0.14368407512220222,
    "Mean Absolute Error": 0.05749598383168368,
    "Root Mean Squared Error": 0.23978320172957004,
    "AUC-ROC": 0.7041601183710294
}