{
    "Accuracy": 0.9863790491306543,
    "Precision": 0.5808857808857809,
    "Recall": 0.5574944071588367,
    "F1 Score": 0.5689497716894977,
    "AUC-ROC": 0.7754511449176401,
    "Mean Absolute Error": 0.013620950869345646,
    "Root Mean Squared Error": 0.1167088294403883
}