{
    "Accuracy": 0.8757183037937206,
    "Precision": 0.10083388193987272,
    "Recall": 0.46911689637570186,
    "F1 Score": 0.16598934344802674,
    "AUC-ROC": 0.677922466543576,
    "Mean Absolute Error": 0.12428169620627935,
    "Root Mean Squared Error": 0.3525360920619041
}