{
    "Accuracy": 0.8325155381092575,
    "Precision": 0.7986243790599924,
    "Recall": 0.6744111003549532,
    "F1 Score": 0.7312806158152554,
    "AUC-ROC": 0.7938096344989524,
    "Mean Absolute Error": 0.16748446189074256,
    "Root Mean Squared Error": 0.40924865533162424
}