{
    "Accuracy": 0.9627890580936266,
    "Precision": 0.18842105263157893,
    "Recall": 0.38610871440897326,
    "F1 Score": 0.25325410299943407,
    "AUC-ROC": 0.679239331617124,
    "Mean Absolute Error": 0.037210941906373377,
    "Root Mean Squared Error": 0.19290137870521656
}