{
    "Accuracy": 0.9417430605892636,
    "Precision": 0.05573832127079613,
    "Recall": 0.14085510688836103,
    "F1 Score": 0.07987069836352616,
    "Mean Absolute Error": 0.05825693941073637,
    "Root Mean Squared Error": 0.24136474351225443,
    "AUC-ROC": 0.5520507938351186
}