{
    "Accuracy": 0.9153623801466441,
    "Precision": 0.13932534068061658,
    "Recall": 0.8071613459879207,
    "F1 Score": 0.2376325649330031,
    "AUC-ROC": 0.8621606818814477,
    "Mean Absolute Error": 0.0846376198533559,
    "Root Mean Squared Error": 0.2909254541172977
}