{
    "Accuracy": 0.7579326136735361,
    "Precision": 0.7671732522796353,
    "Recall": 0.40722813810906744,
    "F1 Score": 0.5320404721753794,
    "AUC-ROC": 0.6720758608858908,
    "Mean Absolute Error": 0.24206738632646385,
    "Root Mean Squared Error": 0.49200344137664714
}