{
    "Accuracy": 0.7532085447490726,
    "Precision": 0.04345163156282963,
    "Recall": 0.6066508313539193,
    "F1 Score": 0.08109481171016701,
    "Mean Absolute Error": 0.24679145525092738,
    "Root Mean Squared Error": 0.4967810938944108,
    "AUC-ROC": 0.7296196657918468
}