{
    "Accuracy": 0.9346096448215581,
    "Precision": 0.08725330167680664,
    "Recall": 0.2793349168646081,
    "F1 Score": 0.13297150610583447,
    "Mean Absolute Error": 0.065390355178442,
    "Root Mean Squared Error": 0.2557153792372332,
    "AUC-ROC": 0.6953744666101238
}