{
    "Accuracy": 0.7595682041216879,
    "Precision": 0.7342767295597484,
    "Recall": 0.452081316553727,
    "F1 Score": 0.5596165368484122,
    "AUC-ROC": 0.684291646419156,
    "Mean Absolute Error": 0.24043179587831207,
    "Root Mean Squared Error": 0.49033845033641005
}