{
    "Accuracy": 0.9100183305132544,
    "Precision": 0.07585478762283765,
    "Recall": 0.4029335634167386,
    "F1 Score": 0.12767411660173603,
    "AUC-ROC": 0.660688266492131,
    "Mean Absolute Error": 0.08998166948674563,
    "Root Mean Squared Error": 0.2999694475888263
}