{
    "Accuracy": 0.9728003384094754,
    "Precision": 0.31155163974547234,
    "Recall": 0.5491803278688525,
    "F1 Score": 0.3975640224859463,
    "AUC-ROC": 0.7645093164695104,
    "Mean Absolute Error": 0.027199661590524535,
    "Root Mean Squared Error": 0.16492319906709466
}