{
    "Accuracy": 0.962381419692509,
    "Precision": 0.9273743016759777,
    "Recall": 0.9641819941916747,
    "F1 Score": 0.9454200284765069,
    "AUC-ROC": 0.9628222223922801,
    "Mean Absolute Error": 0.037618580307491004,
    "Root Mean Squared Error": 0.19395509868908062
}