{
    "Accuracy": 0.957980823463057,
    "Precision": 0.21582397003745318,
    "Recall": 0.596635030198447,
    "F1 Score": 0.31698372679349074,
    "AUC-ROC": 0.7803096023686146,
    "Mean Absolute Error": 0.04201917653694304,
    "Root Mean Squared Error": 0.2049857959394822
}