{
    "Accuracy": 0.8770035982989859,
    "Precision": 0.8505869797225186,
    "Recall": 0.771539206195547,
    "F1 Score": 0.8091370558375635,
    "AUC-ROC": 0.8511846228606194,
    "Mean Absolute Error": 0.12299640170101407,
    "Root Mean Squared Error": 0.3507084283290239
}