{
    "Accuracy": 0.9879101775241832,
    "Precision": 0.6787994891443168,
    "Recall": 0.4754025044722719,
    "F1 Score": 0.5591793792740662,
    "Mean Absolute Error": 0.012089822475816749,
    "Root Mean Squared Error": 0.10995372879451042,
    "AUC-ROC": 0.9765873337159049
}