{
    "Accuracy": 0.9777325081414856,
    "Precision": 0.3635477582846004,
    "Recall": 0.48253557567917205,
    "F1 Score": 0.41467481934408007,
    "Mean Absolute Error": 0.02226749185851437,
    "Root Mean Squared Error": 0.1492229602256783,
    "AUC-ROC": 0.9554775406418624
}