{
    "Accuracy": 0.9820065663241376,
    "Precision": 0.1875,
    "Recall": 0.0007125890736342043,
    "F1 Score": 0.001419782300047326,
    "Mean Absolute Error": 0.017993433675862362,
    "Root Mean Squared Error": 0.134139605172605,
    "AUC-ROC": 0.7582272356378691
}